test_file,source_file,mutants_killed,mutants_killed_only_by_this_test
test/access-redirect.test.ts,scripts/access-redirect-lib.mjs,58,58
test/capsid-rpc.test.ts,scripts/capsid-rpc.mjs,52,20
test/cimd-probe.test.ts,scripts/cimd-probe-lib.mjs,63,63
test/commit-trailers.test.ts,scripts/check-commit-trailers.mjs,124,124
test/dead-exports.test.ts,scripts/improve-report.mjs,17,0
test/dump-invariants.test.ts,scripts/dump-invariants.mjs,192,192
test/export-claims.test.ts,scripts/capsid-rpc.mjs,36,3
test/export-claims.test.ts,scripts/export-claims.mjs,262,262
test/freshness.test.ts,scripts/freshness-lib.mjs,73,73
test/holdout-imports.test.ts,scripts/improve-report.mjs,138,121
test/improve-driver-lock.test.ts,scripts/path-guard.mjs,22,22
test/improve-environment-signal.test.ts,scripts/improve-report.mjs,34,0
test/improve-holdout.test.ts,scripts/bindings.mjs,5,5
test/lease-keepalive.test.ts,scripts/capsid-rpc.mjs,33,0
test/lease-keepalive.test.ts,scripts/lease-keepalive.mjs,97,97
test/mint-agents.test.ts,scripts/mint-agents.mjs,219,133
test/namespace-remap.test.ts,scripts/mint-agents.mjs,39,7
test/no-bloat-report.test.ts,scripts/no-bloat-report.mjs,6,6
test/null-metrics.test.ts,scripts/improve-report.mjs,6,4
test/overnight-guard.test.ts,scripts/overnight-guard.mjs,212,212
test/overnight-guard.test.ts,scripts/schedule-drivers.mjs,3,3
test/portal-attention.test.ts,dashboard/src/lib/derive.ts,246,226
test/portal-attention.test.ts,dashboard/src/lib/format.ts,15,11
test/portal-messages.test.ts,dashboard/src/lib/messages.ts,13,13
test/portal-stops.test.ts,dashboard/src/lib/stops.ts,41,41
test/portal-store.test.ts,dashboard/src/lib/derive.ts,26,6
test/portal-store.test.ts,dashboard/src/lib/format.ts,22,22
test/portal-store.test.ts,dashboard/src/lib/store.ts,21,21
test/portal-time.test.ts,dashboard/src/lib/format.ts,36,32
test/register-namespace-mint.test.ts,scripts/mint-agents.mjs,40,0
test/roles.test.ts,scripts/mint-agents.mjs,67,32
test/rollback-guard.test.ts,scripts/rollback-guard.mjs,66,66
test/scorer-identity.test.ts,scripts/sync-scorer.mjs,33,1
test/scorer-isolation.test.ts,scripts/improve-report.mjs,68,26
test/secondary-recompute.test.ts,scripts/improve-report.mjs,126,89
test/sql-statements.test.ts,scripts/sql-statements.mjs,57,57
test/sync-scorer-apply.test.ts,scripts/sync-scorer.mjs,122,69
test/sync-scorer-runs-ref.test.ts,scripts/sync-scorer.mjs,48,32
test/sync-scorer-stale.test.ts,scripts/sync-scorer.mjs,36,6
test/sync-scorer.test.ts,scripts/sync-scorer.mjs,59,22
test/watcher.test.ts,scripts/mint-agents.mjs,6,0
